key,en,bn,hi,as,gu,kn,ml,mr,or,pa,ta,te
nm_hire_worker,Hire a worker,কারিগর ভাড়া করুন,कारीगर बुलाएँ,কৰ্মী লওক,કારીગર બોલાવો,ಕೆಲಸಗಾರರನ್ನು ಕರೆಯಿರಿ,പണിക്കാരെ വിളിക്കൂ,कारागीर बोलवा,କାରିଗର ଡାକନ୍ତୁ,ਕਾਰੀਗਰ ਬੁਲਾਓ,தொழிலாளரை அழை,పనివారిని పిలవండి
nm_book_ride,Book a ride,রাইড বুক করুন,सवारी बुक करें,ৰাইড বুক কৰক,સવારી બુક કરો,ರೈಡ್ ಬುಕ್ ಮಾಡಿ,റൈഡ് ബുക്ക് ചെയ്യൂ,राईड बुक करा,ରାଇଡ ବୁକ୍ କରନ୍ତୁ,ਸਵਾਰੀ ਬੁੱਕ ਕਰੋ,சவாரி பதிவு செய்,రైడ్ బుక్ చేయండి
nm_buy_shop,Buy from a shop,দোকান থেকে কিনুন,दुकान से खरीदें,দোকানৰ পৰা কিনক,દુકાનથી ખરીદો,ಅಂಗಡಿಯಿಂದ ಕೊಳ್ಳಿ,കടയിൽ നിന്ന് വാങ്ങൂ,दुकानातून खरेदी करा,ଦୋକାନରୁ କିଣନ୍ତୁ,ਦੁਕਾਨ ਤੋਂ ਖਰੀਦੋ,கடையில் வாங்கு,దుకాణం నుండి కొనండి
nm_order_food,Order food,খাবার অর্ডার করুন,खाना ऑर्डर करें,খাদ্য অৰ্ডাৰ কৰক,ખાવાનું ઓર્ડર કરો,ಊಟ ಆರ್ಡರ್ ಮಾಡಿ,ഭക്ഷണം ഓർഡർ ചെയ്യൂ,जेवण ऑर्डर करा,ଖାଦ୍ୟ ଅର୍ଡର କରନ୍ତୁ,ਖਾਣਾ ਆਰਡਰ ਕਰੋ,உணவு ஆர்டர் செய்,భోజనం ఆర్డర్ చేయండి
nm_buy_used,Buy second-hand,পুরনো জিনিস কিনুন,पुराना सामान खरीदें,পুৰণি বস্তু কিনক,જૂની વસ્તુ ખરીદો,ಹಳೆಯ ವಸ್ತು ಕೊಳ್ಳಿ,പഴയ സാധനം വാങ്ങൂ,जुने सामान खरेदी करा,ପୁରୁଣା ଜିନିଷ କିଣନ୍ତୁ,ਪੁਰਾਣਾ ਸਮਾਨ ਖਰੀਦੋ,பழைய பொருள் வாங்கு,పాత వస్తువు కొనండి
nm_o_worker,Work as a worker,কারিগর হিসেবে কাজ করুন,कारीगर के रूप में काम करें,কৰ্মী হিচাপে কাম কৰক,કારીગર તરીકે કામ કરો,ಕೆಲಸಗಾರನಾಗಿ ಕೆಲಸ ಮಾಡಿ,പണിക്കാരനായി ജോലി ചെയ്യൂ,कारागीर म्हणून काम करा,କାରିଗର ଭାବେ କାମ କରନ୍ତୁ,ਕਾਰੀਗਰ ਵਜੋਂ ਕੰਮ ਕਰੋ,தொழிலாளராக வேலை செய்,పనివారిగా పని చేయండి
nm_o_ride,Drive passengers,যাত্রী নিয়ে যান,सवारी ढोएँ,যাত্ৰী নিয়ক,મુસાફરોને લઈ જાઓ,ಪ್ರಯಾಣಿಕರನ್ನು ಕರೆದೊಯ್ಯಿರಿ,യാത്രക്കാരെ കൊണ്ടുപോകൂ,प्रवासी घेऊन जा,ଯାତ୍ରୀ ନିଅନ୍ତୁ,ਸਵਾਰੀਆਂ ਲੈ ਜਾਓ,பயணிகளை ஏற்று,ప్రయాణికులను తీసుకెళ్ళండి
nm_s_ride,"Bike taxi, taxi / cab or auto","বাইক ট্যাক্সি, ট্যাক্সি / ক্যাব বা অটো","बाइक टैक्सी, टैक्सी / कैब या ऑटो","বাইক টেক্সি, টেক্সি / কেব বা অটো","બાઇક ટેક્સી, ટેક્સી / કેબ કે ઓટો","ಬೈಕ್ ಟ್ಯಾಕ್ಸಿ, ಟ್ಯಾಕ್ಸಿ / ಕ್ಯಾಬ್ ಅಥವಾ ಆಟೋ","ബൈക്ക് ടാക്സി, ടാക്സി / കാബ്, ഓട്ടോ","बाईक टॅक्सी, टॅक्सी / कॅब किंवा ऑटो","ବାଇକ ଟ୍ୟାକ୍ସି, ଟ୍ୟାକ୍ସି / କ୍ୟାବ କିମ୍ବା ଅଟୋ","ਬਾਈਕ ਟੈਕਸੀ, ਟੈਕਸੀ / ਕੈਬ ਜਾਂ ਆਟੋ","பைக் டாக்ஸி, டாக்ஸி / கேப் அல்லது ஆட்டோ","బైక్ టాక్సీ, టాక్సీ / క్యాబ్ లేదా ఆటో"
nm_o_hire,Hire out my vehicle,আমার গাড়ি ভাড়া দিন,अपनी गाड़ी किराये पर दें,মোৰ গাড়ী ভাড়ালৈ দিয়ক,મારું વાહન ભાડે આપો,ನನ್ನ ವಾಹನ ಬಾಡಿಗೆಗೆ ಕೊಡಿ,എന്റെ വാഹനം വാടകയ്ക്ക് നൽകൂ,माझे वाहन भाड्याने द्या,ମୋ ଗାଡ଼ି ଭଡ଼ାରେ ଦିଅନ୍ତୁ,ਆਪਣੀ ਗੱਡੀ ਕਿਰਾਏ ਤੇ ਦਿਓ,என் வாகனத்தை வாடகைக்கு விடு,నా వాహనాన్ని అద్దెకు ఇవ్వండి
nm_s_hire,"Truck, JCB, tractor, crane, bus, ambulance","ট্রাক, জেসিবি, ট্র্যাক্টর, ক্রেন, বাস, অ্যাম্বুলেন্স","ट्रक, जेसीबी, ट्रैक्टर, क्रेन, बस, एम्बुलेंस","ট্ৰাক, জেচিবি, ট্ৰেক্টৰ, ক্ৰেন, বাছ, এম্বুলেন্স","ટ્રક, જેસીબી, ટ્રેક્ટર, ક્રેન, બસ, એમ્બ્યુલન્સ","ಟ್ರಕ್, ಜೆಸಿಬಿ, ಟ್ರ್ಯಾಕ್ಟರ್, ಕ್ರೇನ್, ಬಸ್, ಆಂಬ್ಯುಲೆನ್ಸ್","ട്രക്ക്, ജെസിബി, ട്രാക്ടർ, ക്രെയിൻ, ബസ്, ആംബുലൻസ്","ट्रक, जेसीबी, ट्रॅक्टर, क्रेन, बस, रुग्णवाहिका","ଟ୍ରକ, ଜେସିବି, ଟ୍ରାକ୍ଟର, କ୍ରେନ, ବସ, ଆମ୍ବୁଲାନ୍ସ","ਟਰੱਕ, ਜੇਸੀਬੀ, ਟਰੈਕਟਰ, ਕਰੇਨ, ਬੱਸ, ਐਂਬੂਲੈਂਸ","லாரி, ஜேசிபி, டிராக்டர், கிரேன், பேருந்து, ஆம்புலன்ஸ்","ట్రక్, జేసీబీ, ట్రాక్టర్, క్రేన్, బస్, అంబులెన్స్"
nm_o_delivery,Deliver food and parcels,খাবার ও পার্সেল পৌঁছে দিন,खाना और पार्सल पहुँचाएँ,খাদ্য আৰু পাৰ্চেল পোহৰাওক,ખાવાનું અને પાર્સલ પહોંચાડો,ಊಟ ಮತ್ತು ಪಾರ್ಸೆಲ್ ತಲುಪಿಸಿ,ഭക്ഷണവും പാഴ്സലും എത്തിക്കൂ,जेवण आणि पार्सल पोहोचवा,ଖାଦ୍ୟ ଓ ପାର୍ସଲ ପହଞ୍ଚାନ୍ତୁ,ਖਾਣਾ ਅਤੇ ਪਾਰਸਲ ਪਹੁੰਚਾਓ,"உணவு, பார்சல் கொண்டு சேர்","భోజనం, పార్సెల్ అందించండి"
nm_s_delivery,Bring orders from shops and restaurants to customers,দোকান ও রেস্তোরাঁ থেকে গ্রাহকের কাছে অর্ডার পৌঁছে দিন,दुकान और रेस्तराँ से ग्राहक तक ऑर्डर पहुँचाएँ,দোকান আৰু ৰেষ্টুৰেণ্টৰ পৰা গ্ৰাহকলৈ অৰ্ডাৰ নিয়ক,દુકાન અને રેસ્ટોરન્ટથી ગ્રાહક સુધી ઓર્ડર પહોંચાડો,"ಅಂಗಡಿ, ರೆಸ್ಟೋರೆಂಟ್‌ನಿಂದ ಗ್ರಾಹಕರಿಗೆ ಆರ್ಡರ್ ತಲುಪಿಸಿ",കടകളിൽ നിന്നും റെസ്റ്റോറന്റിൽ നിന്നും ഉപഭോക്താവിന് ഓർഡർ എത്തിക്കൂ,दुकान आणि रेस्टॉरंटमधून ग्राहकाला ऑर्डर पोहोचवा,ଦୋକାନ ଓ ରେଷ୍ଟୁରାଣ୍ଟରୁ ଗ୍ରାହକଙ୍କୁ ଅର୍ଡର ପହଞ୍ଚାନ୍ତୁ,ਦੁਕਾਨ ਅਤੇ ਰੈਸਟੋਰੈਂਟ ਤੋਂ ਗਾਹਕ ਤੱਕ ਆਰਡਰ ਪਹੁੰਚਾਓ,"கடை, உணவகத்திலிருந்து வாடிக்கையாளருக்கு ஆர்டர் கொண்டு சேர்","దుకాణం, రెస్టారెంట్ నుండి కస్టమర్‌కు ఆర్డర్ అందించండి"
nm_o_shop,Open my shop,আমার দোকান খুলুন,अपनी दुकान जोड़ें,মোৰ দোকান যোগ কৰক,મારી દુકાન ઉમેરો,ನನ್ನ ಅಂಗಡಿ ಸೇರಿಸಿ,എന്റെ കട ചേർക്കൂ,माझे दुकान जोडा,ମୋ ଦୋକାନ ଯୋଡ଼ନ୍ତୁ,ਆਪਣੀ ਦੁਕਾਨ ਜੋੜੋ,என் கடையைச் சேர்,నా దుకాణం చేర్చండి
nm_o_eat,Open my restaurant or food shop,আমার রেস্তোরাঁ বা খাবারের দোকান খুলুন,अपना रेस्तराँ या खाने की दुकान जोड़ें,মোৰ ৰেষ্টুৰেণ্ট বা খাদ্যৰ দোকান যোগ কৰক,મારી રેસ્ટોરન્ટ કે ખાવાની દુકાન ઉમેરો,ನನ್ನ ರೆಸ್ಟೋರೆಂಟ್ ಅಥವಾ ಊಟದ ಅಂಗಡಿ ಸೇರಿಸಿ,എന്റെ റെസ്റ്റോറന്റോ ഭക്ഷണക്കടയോ ചേർക്കൂ,माझे रेस्टॉरंट किंवा खाण्याचे दुकान जोडा,ମୋ ରେଷ୍ଟୁରାଣ୍ଟ ବା ଖାଦ୍ୟ ଦୋକାନ ଯୋଡ଼ନ୍ତୁ,ਆਪਣਾ ਰੈਸਟੋਰੈਂਟ ਜਾਂ ਖਾਣੇ ਦੀ ਦੁਕਾਨ ਜੋੜੋ,என் உணவகம் அல்லது உணவுக் கடையைச் சேர்,నా రెస్టారెంట్ లేదా భోజన దుకాణం చేర్చండి
nm_o_sell,Sell second-hand things,পুরনো জিনিস বিক্রি করুন,पुराना सामान बेचें,পুৰণি বস্তু বিক্ৰী কৰক,જૂની વસ્તુ વેચો,ಹಳೆಯ ವಸ್ತು ಮಾರಿ,പഴയ സാധനം വിൽക്കൂ,जुने सामान विका,ପୁରୁଣା ଜିନିଷ ବିକ୍ରି କରନ୍ତୁ,ਪੁਰਾਣਾ ਸਮਾਨ ਵੇਚੋ,பழைய பொருள் விற்கவும்,పాత వస్తువులు అమ్మండి
nm_sells,What does your shop sell?,আপনার দোকানে কী বিক্রি হয়?,आपकी दुकान में क्या बिकता है?,আপোনাৰ দোকানত কি বিক্ৰী হয়?,તમારી દુકાનમાં શું વેચાય છે?,ನಿಮ್ಮ ಅಂಗಡಿಯಲ್ಲಿ ಏನು ಮಾರಾಟವಾಗುತ್ತದೆ?,നിങ്ങളുടെ കടയിൽ എന്താണ് വിൽക്കുന്നത്?,तुमच्या दुकानात काय विकले जाते?,ଆପଣଙ୍କ ଦୋକାନରେ କଣ ବିକ୍ରି ହୁଏ?,ਤੁਹਾਡੀ ਦੁਕਾਨ ਵਿੱਚ ਕੀ ਵਿਕਦਾ ਹੈ?,உங்கள் கடையில் என்ன விற்கிறீர்கள்?,మీ దుకాణంలో ఏమి అమ్ముతారు?
nm_sells_ph,"For example: mobile shop, cloth, medicine","যেমন: মোবাইলের দোকান, কাপড়, ওষুধ","जैसे: मोबाइल की दुकान, कपड़ा, दवा","যেনে: মোবাইলৰ দোকান, কাপোৰ, দৰব","જેમ કે: મોબાઇલ દુકાન, કપડાં, દવા","ಉದಾ: ಮೊಬೈಲ್ ಅಂಗಡಿ, ಬಟ್ಟೆ, ಔಷಧ","ഉദാ: മൊബൈൽ കട, തുണി, മരുന്ന്","उदा: मोबाईल दुकान, कपडे, औषध","ଯେପରି: ମୋବାଇଲ ଦୋକାନ, କପଡ଼ା, ଔଷଧ","ਜਿਵੇਂ: ਮੋਬਾਈਲ ਦੁਕਾਨ, ਕੱਪੜੇ, ਦਵਾਈ","எ.கா: மொபைல் கடை, துணி, மருந்து","ఉదా: మొబైల్ షాప్, బట్టలు, మందులు"
nav_activity,Activity,কার্যকলাপ,गतिविधि,কাৰ্যকলাপ,પ્રવૃત્તિ,ಚಟುವಟಿಕೆ,പ്രവർത്തനം,हालचाल,କାର୍ଯ୍ୟକଳାପ,ਸਰਗਰਮੀ,செயல்பாடு,కార్యకలాపం
hm_continue,Continue,চালিয়ে যান,जारी रखें,আগবাঢ়ক,ચાલુ રાખો,ಮುಂದುವರಿಸಿ,തുടരുക,सुरू ठेवा,ଜାରି ରଖନ୍ତୁ,ਜਾਰੀ ਰੱਖੋ,தொடரவும்,కొనసాగించండి
hm_earn,Earn with Dhundo,ধুন্ডোতে আয় করুন,ढूँढो के साथ कमाएँ,ধুন্ডোৰে উপাৰ্জন কৰক,ધુંડો સાથે કમાઓ,ಧುಂಡೊ ಜೊತೆ ಗಳಿಸಿ,ധുണ്ടോയിലൂടെ സമ്പാദിക്കൂ,ढूँढो सोबत कमवा,ଧୁଣ୍ଡୋ ସହ ଆୟ କରନ୍ତୁ,ਢੂੰਡੋ ਨਾਲ ਕਮਾਓ,தூண்டோவுடன் சம்பாதியுங்கள்,ధుండోతో సంపాదించండి
hm_earn_sub,"Drive, deliver, list a shop, restaurant, vehicle or work","গাড়ি চালান, ডেলিভারি দিন, দোকান বা কাজ তুলুন","गाड़ी चलाएँ, डिलीवरी करें, दुकान या काम जोड़ें","গাড়ী চলাওক, ডেলিভাৰী দিয়ক, দোকান বা কাম যোগ কৰক","ગાડી ચલાવો, ડિલિવરી કરો, દુકાન કે કામ ઉમેરો","ವಾಹನ ಓಡಿಸಿ, ಡೆಲಿವರಿ ಮಾಡಿ, ಅಂಗಡಿ ಅಥವಾ ಕೆಲಸ ಸೇರಿಸಿ","വണ്ടി ഓടിക്കൂ, ഡെലിവറി ചെയ്യൂ, കടയോ ജോലിയോ ചേർക്കൂ","गाडी चालवा, डिलिव्हरी करा, दुकान किंवा काम जोडा","ଗାଡ଼ି ଚଲାନ୍ତୁ, ଡେଲିଭରି କରନ୍ତୁ, ଦୋକାନ ବା କାମ ଯୋଡ଼ନ୍ତୁ","ਗੱਡੀ ਚਲਾਓ, ਡਿਲੀਵਰੀ ਕਰੋ, ਦੁਕਾਨ ਜਾਂ ਕੰਮ ਜੋੜੋ","வாகனம் ஓட்டுங்கள், டெலிவரி செய்யுங்கள், கடை அல்லது வேலையைச் சேருங்கள்","వాహనం నడపండి, డెలివరీ చేయండి, దుకాణం లేదా పని చేర్చండి"
hm_mybiz,My business,আমার ব্যবসা,मेरा कारोबार,মোৰ ব্যৱসায়,મારો વ્યવસાય,ನನ್ನ ವ್ಯವಹಾರ,എന്റെ ബിസിനസ്,माझा व्यवसाय,ମୋ ବ୍ୟବସାୟ,ਮੇਰਾ ਕਾਰੋਬਾਰ,என் தொழில்,నా వ్యాపారం
hm_mybiz_sub,"Go online, orders, rates and listing","অনলাইন, অর্ডার, রেট ও লিস্টিং","ऑनलाइन, ऑर्डर, रेट और लिस्टिंग","অনলাইন, অৰ্ডাৰ, ৰেট আৰু লিস্টিং","ઓનલાઇન, ઓર્ડર, ભાવ અને લિસ્ટિંગ","ಆನ್‌ಲೈನ್, ಆರ್ಡರ್, ದರ ಮತ್ತು ಪಟ್ಟಿ","ഓൺലൈൻ, ഓർഡർ, നിരക്ക്, ലിസ്റ്റിംഗ്","ऑनलाइन, ऑर्डर, दर आणि लिस्टिंग","ଅନଲାଇନ, ଅର୍ଡର, ଦର ଓ ତାଲିକା","ਆਨਲਾਈਨ, ਆਰਡਰ, ਰੇਟ ਅਤੇ ਲਿਸਟਿੰਗ","ஆன்லைன், ஆர்டர், கட்டணம், பட்டியல்","ఆన్‌లైన్, ఆర్డర్లు, రేట్లు, లిస్టింగ్"
hm_findorder,Find or order something,কিছু খুঁজুন বা অর্ডার করুন,कुछ ढूँढें या ऑर्डर करें,কিবা বিচাৰক বা অৰ্ডাৰ কৰক,કંઈક શોધો કે ઓર્ડર કરો,ಏನಾದರೂ ಹುಡುಕಿ ಅಥವಾ ಆರ್ಡರ್ ಮಾಡಿ,എന്തെങ്കിലും തിരയൂ അല്ലെങ്കിൽ ഓർഡർ ചെയ്യൂ,काहीतरी शोधा किंवा ऑर्डर करा,କିଛି ଖୋଜନ୍ତୁ ବା ଅର୍ଡର କରନ୍ତୁ,ਕੁਝ ਲੱਭੋ ਜਾਂ ਆਰਡਰ ਕਰੋ,ஏதாவது தேடுங்கள் அல்லது ஆர்டர் செய்யுங்கள்,ఏదైనా వెతకండి లేదా ఆర్డర్ చేయండి
hm_listen,Listen,শুনুন,सुनें,শুনক,સાંભળો,ಕೇಳಿ,കേൾക്കൂ,ऐका,ଶୁଣନ୍ତୁ,ਸੁਣੋ,கேளுங்கள்,వినండి
hm_search_ph,"Search worker, shop, food…","কর্মী, দোকান, খাবার, রাইড খুঁজুন…","कारीगर, दुकान, खाना, राइड खोजें…","কৰ্মী, দোকান, খাদ্য, ৰাইড বিচাৰক…","કારીગર, દુકાન, ખોરાક, રાઇડ શોધો…","ಕೆಲಸಗಾರ, ಅಂಗಡಿ, ಊಟ, ರೈಡ್ ಹುಡುಕಿ…","പണിക്കാർ, കട, ഭക്ഷണം, റൈഡ് തിരയൂ…","कारागीर, दुकान, जेवण, राईड शोधा…","କାରିଗର, ଦୋକାନ, ଖାଦ୍ୟ, ରାଇଡ୍ ଖୋଜନ୍ତୁ…","ਕਾਰੀਗਰ, ਦੁਕਾਨ, ਖਾਣਾ, ਰਾਈਡ ਲੱਭੋ…","தொழிலாளர், கடை, உணவு, சவாரி தேடுங்கள்…","పనివారు, దుకాణం, భోజనం, రైడ్ వెతకండి…"
hm_goon,Go online,অনলাইন হন,ऑनलाइन हों,অনলাইন হওক,ઓનલાઇન થાઓ,ಆನ್‌ಲೈನ್ ಆಗಿ,ഓൺലൈൻ ആകൂ,ऑनलाइन व्हा,ଅନଲାଇନ ହୁଅନ୍ତୁ,ਆਨਲਾਈਨ ਹੋਵੋ,ஆன்லைன் செல்,ఆన్‌లైన్ అవ్వండి
hm_add,Add something,কিছু যোগ করুন,कुछ जोड़ें,কিবা যোগ কৰক,કંઈક ઉમેરો,ಏನಾದರೂ ಸೇರಿಸಿ,എന്തെങ്കിലും ചേർക്കൂ,काहीतरी जोडा,କିଛି ଯୋଡ଼ନ୍ତୁ,ਕੁਝ ਜੋੜੋ,ஏதாவது சேர்,ఏదైనా చేర్చండి
hm_dash,Open full dashboard,পুরো ড্যাশবোর্ড খুলুন,पूरा डैशबोर्ड खोलें,সম্পূৰ্ণ ডেশব’ৰ্ড খোলক,આખું ડેશબોર્ડ ખોલો,ಪೂರ್ಣ ಡ್ಯಾಶ್‌ಬೋರ್ಡ್ ತೆರೆಯಿರಿ,പൂർണ്ണ ഡാഷ്ബോർഡ് തുറക്കൂ,पूर्ण डॅशबोर्ड उघडा,ପୂରା ଡ୍ୟାସବୋର୍ଡ ଖୋଲନ୍ତୁ,ਪੂਰਾ ਡੈਸ਼ਬੋਰਡ ਖੋਲ੍ਹੋ,முழு டாஷ்போர்டு திற,పూర్తి డాష్‌బోర్డ్ తెరవండి
hm_fix,Could not go online. Tap to fix,অনলাইন হতে পারেননি। ঠিক করতে চাপুন,ऑनलाइन नहीं हो सके। ठीक करने के लिए टैप करें,অনলাইন হ’ব নোৱাৰিলে। ঠিক কৰিবলৈ টিপক,ઓનલાઇન ન થઈ શક્યા. ઠીક કરવા ટેપ કરો,ಆನ್‌ಲೈನ್ ಆಗಲಿಲ್ಲ. ಸರಿಪಡಿಸಲು ಒತ್ತಿ,ഓൺലൈൻ ആയില്ല. ശരിയാക്കാൻ തൊടുക,ऑनलाइन होता आले नाही. ठीक करण्यासाठी टॅप करा,ଅନଲାଇନ ହେଲା ନାହିଁ। ଠିକ୍ କରିବାକୁ ଦବାନ୍ତୁ,ਆਨਲਾਈਨ ਨਹੀਂ ਹੋ ਸਕੇ। ਠੀਕ ਕਰਨ ਲਈ ਟੈਪ ਕਰੋ,ஆன்லைன் செல்ல முடியவில்லை. சரிசெய்யத் தொடவும்,ఆన్‌లైన్ కాలేదు. సరిచేయడానికి నొక్కండి
jb_step1,STEP 1 · GO TO THE SHOP,ধাপ ১ · দোকানে যান,चरण 1 · दुकान पर जाएँ,পদক্ষেপ ১ · দোকানলৈ যাওক,પગલું 1 · દુકાને જાઓ,ಹಂತ 1 · ಅಂಗಡಿಗೆ ಹೋಗಿ,ഘട്ടം 1 · കടയിലേക്ക് പോകൂ,पायरी 1 · दुकानात जा,ପାଦ ୧ · ଦୋକାନକୁ ଯାଆନ୍ତୁ,ਕਦਮ 1 · ਦੁਕਾਨ ਤੇ ਜਾਓ,படி 1 · கடைக்குச் செல்,దశ 1 · దుకాణానికి వెళ్ళండి
jb_step2,STEP 2 · DELIVER TO THE CUSTOMER,ধাপ ২ · গ্রাহককে পৌঁছে দিন,चरण 2 · ग्राहक को पहुँचाएँ,পদক্ষেপ ২ · গ্ৰাহকক পোহৰাওক,પગલું 2 · ગ્રાહકને પહોંચાડો,ಹಂತ 2 · ಗ್ರಾಹಕರಿಗೆ ತಲುಪಿಸಿ,ഘട്ടം 2 · ഉപഭോക്താവിന് എത്തിക്കൂ,पायरी 2 · ग्राहकाला पोहोचवा,ପାଦ ୨ · ଗ୍ରାହକଙ୍କୁ ପହଞ୍ଚାନ୍ତୁ,ਕਦਮ 2 · ਗਾਹਕ ਤੱਕ ਪਹੁੰਚਾਓ,படி 2 · வாடிக்கையாளரிடம் கொடு,దశ 2 · కస్టమర్‌కు అందించండి
jb_msgs,Messages,বার্তা,संदेश,বাৰ্তা,સંદેશા,ಸಂದೇಶಗಳು,സന്ദേശങ്ങൾ,संदेश,ବାର୍ତ୍ତା,ਸੁਨੇਹੇ,செய்திகள்,సందేశాలు
ac_active,Active,চলমান,चालू,চলমান,ચાલુ,ಸಕ್ರಿಯ,സജീവം,सुरू,ଚାଲୁ,ਚਾਲੂ,நடப்பவை,జరుగుతున్నవి
ac_past,Past,আগের,पुराने,পুৰণি,જૂના,ಹಿಂದಿನ,കഴിഞ്ഞവ,जुने,ପୁରୁଣା,ਪੁਰਾਣੇ,முந்தையவை,గతవి
ml_edit,Tap what you want to change,যা বদলাতে চান তাতে চাপুন,जो बदलना है उस पर टैप करें,যি সলনি কৰিব বিচাৰে তাত টিপক,જે બદલવું હોય તેના પર ટેપ કરો,ಬದಲಿಸಬೇಕಾದದನ್ನು ಒತ್ತಿ,മാറ്റേണ്ടതിൽ തൊടുക,जे बदलायचे त्यावर टॅप करा,ଯାହା ବଦଳାଇବେ ତାହା ଦବାନ୍ତୁ,ਜੋ ਬਦਲਣਾ ਹੈ ਉਸ ਤੇ ਟੈਪ ਕਰੋ,மாற்ற வேண்டியதைத் தொடவும்,మార్చాల్సినదాన్ని నొక్కండి
bz_tools,Ride settings,রাইড সেটিংস,राइड सेटिंग,ৰাইড ছেটিংছ,રાઇડ સેટિંગ,ರೈಡ್ ಸೆಟ್ಟಿಂಗ್,റൈഡ് ക്രമീകരണം,राईड सेटिंग,ରାଇଡ ସେଟିଂ,ਰਾਈਡ ਸੈਟਿੰਗ,சவாரி அமைப்புகள்,రైడ్ సెట్టింగ్
mk_more_det,More details (optional),আরও বিবরণ (ঐচ্ছিক),और जानकारी (वैकल्पिक),অধিক বিৱৰণ (ঐচ্ছিক),વધુ વિગતો (વૈકલ્પિક),ಇನ್ನಷ್ಟು ವಿವರ (ಐಚ್ಛಿಕ),കൂടുതൽ വിവരങ്ങൾ (ഐച്ഛികം),अधिक माहिती (ऐच्छिक),ଅଧିକ ବିବରଣୀ (ଇଚ୍ଛାଧୀନ),ਹੋਰ ਵੇਰਵੇ (ਵਿਕਲਪਿਕ),மேலும் விவரங்கள் (விருப்பம்),మరిన్ని వివరాలు (ఐచ్ఛికం)
